<?xml version="1.0" encoding="UTF-8"?>
<cursos>
  <curso id="CB1">
      <designacao>Curso Básico de Clarinete</designacao>
      <duracao>5</duracao>
      <instrumento>I1</instrumento>
   </curso>
   <curso id="CS1">
      <designacao>Curso Supletivo de Clarinete</designacao>
      <duracao>3</duracao>
      <instrumento>I1</instrumento>
   </curso>
  <curso id="CB2">
      <designacao>Curso Básico de Contrabaixo</designacao>
      <duracao>5</duracao>
      <instrumento>I2</instrumento>
   </curso>
   <curso id="CS2">
      <designacao>Curso Supletivo de Contrabaixo</designacao>
      <duracao>3</duracao>
      <instrumento>I2</instrumento>
   </curso>
  <curso id="CB3">
      <designacao>Curso Básico de Corne Inglês</designacao>
      <duracao>5</duracao>
      <instrumento>I3</instrumento>
   </curso>
   <curso id="CS3">
      <designacao>Curso Supletivo de Corne Inglês</designacao>
      <duracao>3</duracao>
      <instrumento>I3</instrumento>
   </curso>
  <curso id="CB4">
      <designacao>Curso Básico de Eufónio</designacao>
      <duracao>5</duracao>
      <instrumento>I4</instrumento>
   </curso>
   <curso id="CS4">
      <designacao>Curso Supletivo de Eufónio</designacao>
      <duracao>3</duracao>
      <instrumento>I4</instrumento>
   </curso>
  <curso id="CB5">
      <designacao>Curso Básico de Fagote</designacao>
      <duracao>5</duracao>
      <instrumento>I5</instrumento>
   </curso>
   <curso id="CS5">
      <designacao>Curso Supletivo de Fagote</designacao>
      <duracao>3</duracao>
      <instrumento>I5</instrumento>
   </curso>
  <curso id="CB6">
      <designacao>Curso Básico de Flauta</designacao>
      <duracao>5</duracao>
      <instrumento>I6</instrumento>
   </curso>
   <curso id="CS6">
      <designacao>Curso Supletivo de Flauta</designacao>
      <duracao>3</duracao>
      <instrumento>I6</instrumento>
   </curso>
  <curso id="CB7">
      <designacao>Curso Básico de Fliscorne</designacao>
      <duracao>5</duracao>
      <instrumento>I7</instrumento>
   </curso>
   <curso id="CS7">
      <designacao>Curso Supletivo de Fliscorne</designacao>
      <duracao>3</duracao>
      <instrumento>I7</instrumento>
   </curso>
  <curso id="CB8">
      <designacao>Curso Básico de Guitarra</designacao>
      <duracao>5</duracao>
      <instrumento>I8</instrumento>
   </curso>
   <curso id="CS8">
      <designacao>Curso Supletivo de Guitarra</designacao>
      <duracao>3</duracao>
      <instrumento>I8</instrumento>
   </curso>
  <curso id="CB9">
      <designacao>Curso Básico de Harpa</designacao>
      <duracao>5</duracao>
      <instrumento>I9</instrumento>
   </curso>
   <curso id="CS9">
      <designacao>Curso Supletivo de Harpa</designacao>
      <duracao>3</duracao>
      <instrumento>I9</instrumento>
   </curso>
  <curso id="CB10">
      <designacao>Curso Básico de Oboé</designacao>
      <duracao>5</duracao>
      <instrumento>I10</instrumento>
   </curso>
   <curso id="CS10">
      <designacao>Curso Supletivo de Oboé</designacao>
      <duracao>3</duracao>
      <instrumento>I10</instrumento>
   </curso>
  <curso id="CB11">
      <designacao>Curso Básico de Orgão</designacao>
      <duracao>5</duracao>
      <instrumento>I11</instrumento>
   </curso>
   <curso id="CS11">
      <designacao>Curso Supletivo de Orgão</designacao>
      <duracao>3</duracao>
      <instrumento>I11</instrumento>
   </curso>
  <curso id="CB12">
      <designacao>Curso Básico de Percussão</designacao>
      <duracao>5</duracao>
      <instrumento>I12</instrumento>
   </curso>
   <curso id="CS12">
      <designacao>Curso Supletivo de Percussão</designacao>
      <duracao>3</duracao>
      <instrumento>I12</instrumento>
   </curso>
  <curso id="CB13">
      <designacao>Curso Básico de Piano</designacao>
      <duracao>5</duracao>
      <instrumento>I13</instrumento>
   </curso>
   <curso id="CS13">
      <designacao>Curso Supletivo de Piano</designacao>
      <duracao>3</duracao>
      <instrumento>I13</instrumento>
   </curso>
  <curso id="CB14">
      <designacao>Curso Básico de Saxofone</designacao>
      <duracao>5</duracao>
      <instrumento>I14</instrumento>
   </curso>
   <curso id="CS14">
      <designacao>Curso Supletivo de Saxofone</designacao>
      <duracao>3</duracao>
      <instrumento>I14</instrumento>
   </curso>
  <curso id="CB15">
      <designacao>Curso Básico de Trombone</designacao>
      <duracao>5</duracao>
      <instrumento>I15</instrumento>
   </curso>
   <curso id="CS15">
      <designacao>Curso Supletivo de Trombone</designacao>
      <duracao>3</duracao>
      <instrumento>I15</instrumento>
   </curso>
  <curso id="CB16">
      <designacao>Curso Básico de Trompa</designacao>
      <duracao>5</duracao>
      <instrumento>I16</instrumento>
   </curso>
   <curso id="CS16">
      <designacao>Curso Supletivo de Trompa</designacao>
      <duracao>3</duracao>
      <instrumento>I16</instrumento>
   </curso>
  <curso id="CB17">
      <designacao>Curso Básico de Trompete</designacao>
      <duracao>5</duracao>
      <instrumento>I17</instrumento>
   </curso>
   <curso id="CS17">
      <designacao>Curso Supletivo de Trompete</designacao>
      <duracao>3</duracao>
      <instrumento>I17</instrumento>
   </curso>
  <curso id="CB18">
      <designacao>Curso Básico de Tuba</designacao>
      <duracao>5</duracao>
      <instrumento>I18</instrumento>
   </curso>
   <curso id="CS18">
      <designacao>Curso Supletivo de Tuba</designacao>
      <duracao>3</duracao>
      <instrumento>I18</instrumento>
   </curso>
  <curso id="CB19">
      <designacao>Curso Básico de Violoncelo</designacao>
      <duracao>5</duracao>
      <instrumento>I19</instrumento>
   </curso>
   <curso id="CS19">
      <designacao>Curso Supletivo de Violoncelo</designacao>
      <duracao>3</duracao>
      <instrumento>I19</instrumento>
   </curso>
  <curso id="CB20">
      <designacao>Curso Básico de Violino</designacao>
      <duracao>5</duracao>
      <instrumento>I20</instrumento>
   </curso>
   <curso id="CS20">
      <designacao>Curso Supletivo de Violino</designacao>
      <duracao>3</duracao>
      <instrumento>I20</instrumento>
   </curso>
  <curso id="CB21">
      <designacao>Curso Básico de Viola de Arco</designacao>
      <duracao>5</duracao>
      <instrumento>I21</instrumento>
   </curso>
   <curso id="CS21">
      <designacao>Curso Supletivo de Viola de Arco</designacao>
      <duracao>3</duracao>
      <instrumento>I21</instrumento>
   </curso>
  <curso id="CB22">
      <designacao>Curso Básico de Bandolim</designacao>
      <duracao>5</duracao>
      <instrumento>I22</instrumento>
   </curso>
   <curso id="CS22">
      <designacao>Curso Supletivo de Bandolim</designacao>
      <duracao>3</duracao>
      <instrumento>I22</instrumento>
   </curso>
</cursos>
