<audicao>
	<metadata >
		<id>
			Aud1
		</id>
		<titulo>
			audicao1
		</titulo>
		<subtitulo>
			audicao experimental1
		</subtitulo>
		<tema>
			tema1
		</tema>
		<data>
			11-01-2016
		</data>
		<hora>
			17:30
		</hora>
		<local>
			auditorio
		</local>
		<organizador>
			organizador1
		</organizador>
		<duracao>
			35:00
		</duracao>
	</metadata>
	<atuacoes>
		<atuacao>
			<designacao>
				atuacao1
			</designacao>
			<alunos>
				<aluno>
					<nome>
						aluno1
					</nome>
					<id>
						A1
					</id>
				</aluno>
				<aluno>
					<nome>
						aluno2
					</nome>
					<id>
						A2
					</id>
				</aluno>
			</alunos>
			<professores>
				<nome>
					professor1
				</nome>
				<id>
					P1
				</id>
			</professores>
			<pecas>
				<peca>
					<titulo>
						peca1
					</titulo>
					<id>
						O1
					</id>
				</peca>
				<peca>
					<titulo>
						peca2
					</titulo>
					<id>
						O2
					</id>
				</peca>
			</pecas>
		</atuacao>
		<atuacao>
			<designacao>
				atuacao2
			</designacao>
			<alunos>
				<aluno>
					<nome>
						aluno1
					</nome>
					<id>
						A1
					</id>
				</aluno>
				
			<pecas>
				<peca>
					<titulo>
						peca3
					</titulo>
					<id>
						O3
					</id>
				</peca>
			</pecas>
		</atuacao>
	</atuacoes>
</audicao>